screen_name,betweenness_centrality,degree_in,followers_count,group,belongs_to,profile_image_url
POERUP7,0.49742,3,3,4,ukoer,http://a0.twimg.com/sticky/default_profile_images/default_profile_4_normal.png
oxfordpodcasts,2.1749,17,3420,2,ukoer,http://a0.twimg.com/profile_images/198527942/300x300_C21_iTunes_normal.png
riannemaris,0,0,0,2,ukoer,http://a0.twimg.com/sticky/default_profile_images/default_profile_0_normal.png
argaric,0.052632,4,7,1,ukoer,http://a0.twimg.com/profile_images/1646451593/DSC_0025_normal.jpg
tomjbrowne,11.871,1,5,2,ukoer,http://a0.twimg.com/sticky/default_profile_images/default_profile_5_normal.png
hazelmcneill,0,0,1,2,ukoer,http://a0.twimg.com/sticky/default_profile_images/default_profile_4_normal.png
OERIPRSupport,73.38,49,77,1,ukoer,http://a0.twimg.com/profile_images/1150083058/OER-IPR-SUPPORT-LOGO-_-TWITTER_normal.jpg
sssaaarah,0.54633,3,7,1,ukoer,http://a0.twimg.com/profile_images/1630378180/large_sarah_hayes_normal.jpg
jakkisr,0,1,7,2,ukoer,http://a0.twimg.com/profile_images/633051525/jakki7_normal.jpg
litwt,10.357,6,47,1,ukoer,http://a0.twimg.com/profile_images/266792260/Li_normal.jpg
nmonopoli1,0,0,0,4,SCOREProject,http://a0.twimg.com/sticky/default_profile_images/default_profile_6_normal.png
ShaunHides_COMC,0,3,4,1,ukoer,http://a0.twimg.com/profile_images/2163008526/SH2_normal.jpg
boisvert_c,0,0,2,2,ukoer,http://a0.twimg.com/sticky/default_profile_images/default_profile_1_normal.png
dtaktak,0,1,2,1,ukoer,http://a0.twimg.com/profile_images/1631999656/Sunset_normal.jpg
pgwtotnes,0,1,3,2,ukoer,http://a0.twimg.com/profile_images/1430445033/image_normal.jpg
j_darb,1.1152,9,15,4,SCOREProject,http://a0.twimg.com/profile_images/1347257311/jd-photo_normal.jpg
CumbriaMAAP,1.9487,2,7,1,ukoer,http://a0.twimg.com/profile_images/1185559503/patchwork_normal.png
dialeproject,0,0,5,0,ukoer,http://a0.twimg.com/profile_images/2111386395/Dial-e2012logo_normal.png
AGruszczynska,3.1279,2,3,1,ukoer,http://a0.twimg.com/sticky/default_profile_images/default_profile_6_normal.png
cvcade,0,1,3,4,SCOREProject,http://a0.twimg.com/profile_images/1311401581/DSC00016_normal.JPG
tjcoughlan,0.57224,6,22,4,"SCOREProject,ukoer",http://a0.twimg.com/profile_images/1348788949/TJCWorkPortrait150px_normal.jpg
unicycle_oer,96.296,31,72,1,ukoer,http://a0.twimg.com/profile_images/270926627/unicycle_normal.jpg
MissCeBe,0,1,13,2,ukoer,http://a0.twimg.com/profile_images/55517788/Carina_s_marking_bad_day_normal.jpg
celia_popovic,7.7484,5,25,3,ukoer,http://a0.twimg.com/sticky/default_profile_images/default_profile_0_normal.png
LTImodule,102.47,10,22,0,"SCOREProject,ukoer",http://a0.twimg.com/profile_images/1520342854/oer-banner-videowall_normal.jpg
ideas4learning,0,0,2,4,ukoer,http://a0.twimg.com/sticky/default_profile_images/default_profile_2_normal.png
CIAcap,0,0,4,0,ukoer,http://a0.twimg.com/profile_images/1922450178/Courtauld_Institute_RGB_normal.jpg
DeloresOER,16.838,15,19,1,ukoer,http://a0.twimg.com/profile_images/1227151205/engine_sq_normal.jpg
UoNVideoGroup,0,0,9,0,ukoer,http://a0.twimg.com/profile_images/1498235581/1411web_normal.jpg
phholtkamp,0.35965,2,6,4,SCOREProject,http://a0.twimg.com/sticky/default_profile_images/default_profile_0_normal.png
VBLT,0,0,1,3,ukoer,http://a0.twimg.com/profile_images/1901232520/vic_normal.jpg
Clare_Gormley,0.55705,3,17,0,ukoer,http://a0.twimg.com/profile_images/1619368003/Profile_Pic_normal.jpg
Cath_Walsh,0,0,2,2,ukoer,http://a0.twimg.com/sticky/default_profile_images/default_profile_5_normal.png
pwarrington0,6.8794,2,5,0,ukoer,http://a0.twimg.com/profile_images/1230149647/trans_73x73_1.0_normal.png
stephensmaggie,0.24996,4,4,1,"SCOREProject,ukoer",http://a0.twimg.com/sticky/default_profile_images/default_profile_1_normal.png
LearnTechUoN,0.68503,4,57,0,ukoer,http://a0.twimg.com/profile_images/1291443685/tpod-art_normal.JPG
sarzhal,21.425,1,9,2,ukoer,http://a0.twimg.com/profile_images/336380544/sarzhal_-_Copy_normal.JPG
SustextsOER,125.62,4,9,1,ukoer,http://a0.twimg.com/profile_images/1862082281/aretrianbowl_normal.jpg
mnandrews,0,0,7,2,"SCOREProject,ukoer",http://a0.twimg.com/profile_images/1524064371/Screen_shot_2011-09-01_at_21.06.38_normal.png
cagr1a,0,0,0,2,ukoer,http://a0.twimg.com/sticky/default_profile_images/default_profile_1_normal.png
ruthstannard,0,0,3,3,SCOREProject,http://a0.twimg.com/sticky/default_profile_images/default_profile_0_normal.png
Schofield7373,40.195,2,15,2,ukoer,http://a0.twimg.com/sticky/default_profile_images/default_profile_6_normal.png
kev_brace,0.046599,1,5,0,ukoer,http://a0.twimg.com/profile_images/2167008251/kev-twitter_normal.jpg
milo_0123,0,0,4,3,SCOREProject,http://a0.twimg.com/profile_images/1870136404/22_normal.jpg
WoodwardMartine,8.915,3,11,0,SCOREProject,http://a0.twimg.com/profile_images/1409827732/image_normal.jpg
jelgerhuis,0.39155,4,39,4,ukoer,http://a0.twimg.com/profile_images/1604435257/foto-Hester-Jelgerhuis-_kleur-vierkant-web__normal.jpg
VirtualDutch,2.8816,3,12,3,ukoer,http://a0.twimg.com/profile_images/336192623/logo_normal.gif
Nirajed,1.5811,2,10,1,"SCOREProject,ukoer",http://a0.twimg.com/profile_images/1562236077/Niraj_pic_normal.jpg
Ginglymus,0,0,14,1,ukoer,http://a0.twimg.com/profile_images/1516376575/hinge_jt_normal.jpg
ikemvandaba,0,0,12,4,SCOREProject,http://a0.twimg.com/profile_images/1425806043/e_tweeter.Wow__normal.jpg
EEhiyazaryan,0.68847,3,4,4,"SCOREProject,ukoer",http://a0.twimg.com/profile_images/2151349070/profile_esterehiyazaryan_normal.jpg
gilldickinson1,11.083,1,8,2,"SCOREProject,ukoer",http://a0.twimg.com/sticky/default_profile_images/default_profile_2_normal.png
LboroResStaff,0.32718,3,119,3,ukoer,http://a0.twimg.com/profile_images/892443025/LU-mark4-white_normal.png
CPD4HE,199.5,11,33,3,"SCOREProject,ukoer",http://a0.twimg.com/profile_images/1227190384/logo-cpd4he_v2_-_72_normal.jpg
IainBaird,0,0,10,3,ukoer,http://a0.twimg.com/sticky/default_profile_images/default_profile_4_normal.png
YvoMoore,0,1,6,0,ukoer,http://a0.twimg.com/profile_images/1450316474/avatar_normal.gif
oerafrica,104.92,54,255,4,ukoer,http://a0.twimg.com/profile_images/1976161305/OER-Logo_normal.jpg
sharedservices1,0.22881,2,25,0,ukoer,http://a0.twimg.com/profile_images/1187845619/Helping_Hands_normal.jpg
Matthew_DHunter,0,1,2,3,SCOREProject,http://a0.twimg.com/sticky/default_profile_images/default_profile_6_normal.png
ENGrich,6.7866,7,17,1,ukoer,http://a0.twimg.com/profile_images/1657128306/5622329726_5964cd2329_m_normal.jpg
HederaUK,199.11,11,30,1,"SCOREProject,ukoer",http://a0.twimg.com/profile_images/1879482141/Slide2_normal.png
MkeylorM,0,0,8,3,SCOREProject,http://a0.twimg.com/profile_images/1850694242/c34a1436_normal.gif
gkarlsson,4.7875,1,17,4,ukoer,http://a0.twimg.com/profile_images/1737928872/goranmin_normal.GIF
isobelf,1.6921,7,56,1,ukoer,http://a0.twimg.com/profile_images/55684064/isobel2_normal.jpg
aliewing,1.0788,2,23,4,ukoer,http://a0.twimg.com/profile_images/1490066658/Ali_normal.jpg
hejupirk,83.525,4,17,4,SCOREProject,http://a0.twimg.com/profile_images/1643599582/henri2_resized1_normal.jpg
circlespace,49.207,12,39,0,ukoer,http://a0.twimg.com/profile_images/329823129/circle-650w_normal.jpg
TerryTechdis,22.977,12,36,1,SCOREProject,http://a0.twimg.com/profile_images/1377308950/Terry_normal.jpg
edupunk_phil,1433.1,12,48,2,ukoer,http://a0.twimg.com/profile_images/1381595209/bburn_market_normal.jpg
lynchp1,1.3663,4,49,2,ukoer,http://a0.twimg.com/profile_images/1096082197/sppatrick80_normal.jpg
LDevEssex,2.0143,3,22,3,SCOREProject,http://a0.twimg.com/profile_images/1250544625/imagesCAVI4J88_normal.jpg
discthink,107.71,18,39,1,ukoer,http://a0.twimg.com/profile_images/2033321346/thinker-board_normal.png
Adapt_OER,414,3,23,4,ukoer,http://a0.twimg.com/profile_images/1959241989/med-res-colour_icon_normal.jpg
sinkil1812,0,0,5,4,SCOREProject,http://a0.twimg.com/sticky/default_profile_images/default_profile_3_normal.png
ClareGash,53.12,4,9,3,ukoer,http://a0.twimg.com/sticky/default_profile_images/default_profile_4_normal.png
BLHdSocSci,0,1,43,2,ukoer,http://a0.twimg.com/profile_images/1810714195/lovesocsci_normal.jpg
c_stefanelli,18.239,2,17,4,SCOREProject,http://a0.twimg.com/profile_images/1664330652/cri_normal.jpg
jopeat,18.196,2,23,3,SCOREProject,http://a0.twimg.com/profile_images/1440703181/Jo_and_Zeke_normal.JPG
dimpleMED,0,2,22,4,SCOREProject,http://a0.twimg.com/profile_images/1161186617/dimple_logo_normal.png
yiannis1965,0,1,36,0,ukoer,http://a0.twimg.com/profile_images/1265782004/image300_normal.jpg
chrisgo1,13.873,7,27,1,SCOREProject,http://a0.twimg.com/profile_images/1292961697/upsidedown-small_normal.jpg
DaneWard1,0,0,21,2,ukoer,http://a0.twimg.com/profile_images/1339246267/speaker_ward_normal.jpg
katy_jordan,3.6131,5,45,0,SCOREProject,http://a0.twimg.com/profile_images/1072512775/katyj_normal.jpg
VillageAunties,0,2,49,1,ukoer,http://a0.twimg.com/profile_images/1596211156/villageauntieslogo2_normal.jpg
anatolica,0,0,17,2,ukoer,http://a0.twimg.com/profile_images/327526303/spirited_away-thumb_normal.jpg
mdeimann,30.434,13,83,4,SCOREProject,http://a0.twimg.com/profile_images/715668053/markus_skype_normal.jpg
networkADM,198.3,19,132,3,SCOREProject,http://a0.twimg.com/profile_images/1784870528/networks-web--ball-image_normal.jpg
SofiaAnysiadou,27.401,3,22,3,SCOREProject,http://a0.twimg.com/profile_images/1227667481/Untitled_normal.png
TELTS_,13.083,7,43,0,ukoer,http://a0.twimg.com/profile_images/1195202778/DSC_0041_normal.jpg
Whatopencando,3.0455,2,14,4,ukoer,http://a0.twimg.com/profile_images/1879216753/Afbeelding1_normal.png
dwaynecoin,0,1,9,1,ukoer,http://a0.twimg.com/profile_images/1202613423/Wayne_coyne_normal.png
plugjam,5.6284,5,35,4,ukoer,http://a0.twimg.com/profile_images/491403474/pjpete_normal.jpg
TraceydeBeer,112.44,18,33,4,"SCOREProject,ukoer",http://a0.twimg.com/profile_images/1283802143/profilepicture_normal.jpg
crustyburger,0,0,21,4,SCOREProject,http://a0.twimg.com/profile_images/1785581506/image_normal.jpg
VISUALARTNET,0,0,35,4,SCOREProject,http://a0.twimg.com/profile_images/1723488736/icon_FSEA_normal.jpg
patrickbellis,76.129,21,91,0,ukoer,http://a0.twimg.com/profile_images/1258501314/pb11-2_normal.jpg
DMUViv,239.54,20,87,1,ukoer,http://a0.twimg.com/profile_images/1662743896/Viv_Riverside1_normal.jpg
WLV_Blended,84.071,10,97,3,"SCOREProject,ukoer",http://a0.twimg.com/profile_images/1136086687/blu_normal.jpg
ocwnews,635.83,75,1496,4,ukoer,http://a0.twimg.com/profile_images/1144504184/OCWC_button_NEW_normal.JPG
MsHatken,0.49486,2,16,2,ukoer,http://a0.twimg.com/profile_images/400616296/Gillian_normal.jpg
ProfMikeKelly,27.383,13,185,3,SCOREProject,http://a0.twimg.com/profile_images/481273503/RIL-358_normal.jpg
peterkilcoyne,0,0,71,0,ukoer,http://a0.twimg.com/profile_images/1434942093/dmd_normal.jpg
doctorjen,57.444,9,42,3,ukoer,http://a0.twimg.com/profile_images/51587689/lucy_normal.jpg
arqmmorales,0,0,14,4,ukoer,http://a0.twimg.com/profile_images/1381704546/yo_twitter_png_normal.png
ttelwort,74.667,7,30,1,ukoer,http://a0.twimg.com/profile_images/569561310/Rainbow_cow_normal.JPG
brussxkne7,0,0,5,4,SCOREProject,http://a0.twimg.com/profile_images/1689616794/imagesCAQJOQYR_normal.jpg
annikacoughlin,0.99501,4,45,1,ukoer,http://a0.twimg.com/profile_images/1123664190/annikacoffee_normal.jpg
SarahCutforth,48.513,8,15,1,"SCOREProject,ukoer",http://a0.twimg.com/profile_images/1675221577/Snapshot_of_me_1_normal.png
alpscetl,24.503,8,53,3,ukoer,http://a0.twimg.com/profile_images/1239319473/alps_icon_normal.jpg
gillysalmon,793.85,84,1042,0,ukoer,http://a0.twimg.com/profile_images/70343536/pinkmask_normal.JPG
markpgray,5.4028,3,21,0,ukoer,http://a0.twimg.com/profile_images/1267639733/myPortraitAbout_normal.jpg
ECleaver,0,0,19,3,SCOREProject,http://a0.twimg.com/profile_images/1862044475/CLEA201_normal.jpg
IETatOU,207.95,41,172,4,SCOREProject,http://a0.twimg.com/profile_images/1341120954/video_podcast_3-tiny_normal.jpg
MarionManton,77.736,17,55,1,ukoer,http://a0.twimg.com/profile_images/1534490848/Marion09_normal.jpg
AlannahFitz,143.59,14,36,4,SCOREProject,http://a0.twimg.com/profile_images/1801832030/dragon_normal.jpg
altolondon,129.03,17,57,1,SCOREProject,http://a0.twimg.com/profile_images/1224511048/connections_normal.jpg
tuoermin,0,1,26,4,SCOREProject,http://a0.twimg.com/profile_images/1522029020/mitja2_normal.jpg
matthewjwatkins,13.411,7,29,3,ukoer,http://a0.twimg.com/profile_images/258536847/Matt.Watkins-photo_normal.jpg
deftoer3,100.2,13,55,1,"SCOREProject,ukoer",http://a0.twimg.com/profile_images/1632177210/qrcode.2199066_normal.png
CORE_SET,875.68,20,40,1,"SCOREProject,ukoer",http://a0.twimg.com/profile_images/1621981149/favicon_110px_wBg_normal.png
pbacsich,338.03,36,149,4,SCOREProject,http://a0.twimg.com/profile_images/290102212/p_bacsich_small_normal.jpg
rcpearce,95.395,22,83,1,ukoer,http://a0.twimg.com/profile_images/67198133/rob-relaxed-square-pic-aspect_normal.jpg
tali_hud,1.6629,2,21,3,ukoer,http://a0.twimg.com/profile_images/1901425708/tali_logo_normal.png
gema_bueno,41.513,9,77,1,ukoer,http://a0.twimg.com/profile_images/1609638430/Photo_on_2011-10-13_at_10.09_normal.jpg
glyndwr_repos,3.7044,10,104,3,ukoer,http://a0.twimg.com/profile_images/1172894945/g_with_blue_for_repos_researchlogo2_normal.png
MIT_BLOSSOMS,2.7962,4,128,4,SCOREProject,http://a0.twimg.com/profile_images/1394610545/blossoms_image_normal
hamilton_ia,0,2,46,3,SCOREProject,http://a0.twimg.com/profile_images/1429635197/IMG_1792ski3_normal.jpg
foregone,0,1,34,4,ukoer,http://a0.twimg.com/profile_images/924366363/clip_image001_normal.jpg
heather_jp,243.04,68,233,1,ukoer,http://a0.twimg.com/profile_images/1109042273/heather5_edits_normal.jpg
s3library,0,0,15,2,ukoer,http://a0.twimg.com/profile_images/2020947027/2012-04-02-071_normal.jpg
caro11ne,4.2369,6,40,1,ukoer,http://a0.twimg.com/profile_images/1282503937/caroline_oxfam_small.bmp_normal.jpg
antonellalicini,0,0,31,4,ukoer,http://a0.twimg.com/profile_images/1263939861/photo__5_normal.jpg
pcteherans,0,1,113,3,SCOREProject,http://a0.twimg.com/profile_images/1009221776/Snapshot_of_me_4_normal.png
ocaoimh,0,0,34,2,ukoer,http://a0.twimg.com/profile_images/802405239/Photo_on_2010-03-03_at_22.58_normal.jpg
SHaWMMU,27.156,7,112,3,ukoer,http://a0.twimg.com/profile_images/717519063/Twitter_Logo_normal.jpg
pgcap,28.733,9,142,0,ukoer,http://a0.twimg.com/profile_images/2148087104/BenFinal-38mm_normal.jpg
medev_ncl,894.65,73,461,3,"SCOREProject,ukoer",http://a0.twimg.com/profile_images/1977624624/medev_logo_cropped_normal.jpg
sarah_turpin,5.381,7,46,3,ukoer,http://a0.twimg.com/profile_images/1584643269/Fritillaria_20meleagris_202_20Wendy_20Merle_normal.jpg
legal69,39.618,4,23,3,SCOREProject,http://a0.twimg.com/profile_images/1517118554/KTJLuK3l_normal
askawild,485.99,24,65,1,ukoer,http://a0.twimg.com/profile_images/1879247858/DSC_0096_normal.JPG
Traceyjane10,0.047229,1,33,0,ukoer,http://a0.twimg.com/profile_images/1306769004/photofunia_ebbad_normal.jpg
krispekitty,0,1,137,4,SCOREProject,http://a0.twimg.com/profile_images/1670045758/250356_10150191584720069_594635068_7425221_4377334_n_normal.jpg
LHWoolley,0,0,10,3,ukoer,http://a0.twimg.com/sticky/default_profile_images/default_profile_5_normal.png
digisim,283.44,32,138,1,SCOREProject,http://a0.twimg.com/profile_images/1342476651/simon_250pixels_normal.jpg
simonallan,294.9,5,39,1,ukoer,http://a0.twimg.com/profile_images/178348304/portrait_normal.jpg
D2LLR,55.729,5,95,4,ukoer,http://a0.twimg.com/profile_images/1780860603/logo_normal.png
thanss,80.087,6,133,4,ukoer,http://a0.twimg.com/profile_images/195127505/DSCN0993-1_normal.JPG
impact_oer,80.972,9,22,1,"SCOREProject,ukoer",http://a0.twimg.com/profile_images/1675450820/Impacttvsmall_normal.jpg
Matt__Saunders,0,0,13,4,SCOREProject,http://a0.twimg.com/profile_images/1694662506/me_normal.jpg
DrTimWhitaker,0,0,18,3,SCOREProject,http://a0.twimg.com/profile_images/1312508407/indiana_jones_normal.jpg
Toni_M_Arboleda,49.876,12,39,3,"SCOREProject,ukoer",http://a0.twimg.com/profile_images/1363605894/antonio_normal.png
KBorthwick,496.21,26,75,1,ukoer,http://a0.twimg.com/profile_images/1891508572/alice_4_year_17_031_normal.JPG
ddflint,89.963,13,76,1,ukoer,http://a0.twimg.com/profile_images/1257716616/Debbie_Flint_normal.jpg
AlunHughes,25.301,6,37,2,ukoer,http://a0.twimg.com/profile_images/1970437545/057_normal.jpg
jontmoore,1.2854,9,61,0,ukoer,http://a0.twimg.com/profile_images/524530057/jon_normal.jpg
elearning4,409.95,29,200,4,"SCOREProject,ukoer",http://a0.twimg.com/profile_images/1126859834/andreas_link_lernmodelle_normal.jpg
SaschaHauer,0,0,61,4,SCOREProject,http://a0.twimg.com/profile_images/1801306805/HauerSascha_Web_Ausschnitt_Quatrad_normal.jpg
imeister09,0,1,53,4,SCOREProject,http://a0.twimg.com/profile_images/1765112154/MK091011-333_normal.jpg
KHonnor,13.03,8,84,4,SCOREProject,http://a0.twimg.com/profile_images/179067704/oie_TreeFace2_normal.jpg
igor_lesko,825.72,13,37,4,"SCOREProject,ukoer",http://a0.twimg.com/profile_images/1729139867/igor_normal.jpg
GlobalText,28.221,15,131,4,ukoer,http://a0.twimg.com/profile_images/410017978/logo_globaltext_normal.jpg
rrwpublisher,0,1,49,4,SCOREProject,http://a0.twimg.com/profile_images/1048788413/rrw2pjgp_normal.JPG
NHSelearning,94.065,16,408,1,ukoer,http://a0.twimg.com/profile_images/1850424864/logo_normal.png
OpenEG,1801.1,29,50,4,"SCOREProject,ukoer",http://a0.twimg.com/profile_images/1862779788/FxCam_1330534011265edited_normal.jpg
phonesavanh2,0,0,7,4,SCOREProject,http://a0.twimg.com/profile_images/1567482933/image_normal.jpg
evolvemunger,0,0,9,4,SCOREProject,http://a0.twimg.com/sticky/default_profile_images/default_profile_2_normal.png
paolamarchionni,350.56,24,142,1,ukoer,http://a0.twimg.com/profile_images/1195887260/dsh2Rv23_normal
EbbaOssian,687.51,6,37,4,"SCOREProject,ukoer",http://a0.twimg.com/profile_images/1551293922/Ebba_kopiera_normal.jpg
afenoer,752.86,37,77,1,"SCOREProject,ukoer",http://a0.twimg.com/profile_images/318064485/AF_pic_170709_normal.jpg
steveburholt,10.195,8,77,1,ukoer,http://a0.twimg.com/profile_images/1173344598/n277000730_2411430_1383_normal.jpg
anesa,6.8943,10,146,4,ukoer,http://a0.twimg.com/profile_images/543380628/Anesa_Caldecotte_crop_face_normal.jpg
lrblurb,0.48112,1,20,2,ukoer,http://a0.twimg.com/profile_images/1377150948/Cake_3_normal.jpg
LT_tech_HE,71.252,3,59,3,ukoer,http://a0.twimg.com/profile_images/1977502449/image_normal.jpg
vburgos,148.54,6,58,4,ukoer,http://a0.twimg.com/profile_images/1668062734/vburgos_normal.gif
HelenHRSC,63.061,42,457,0,ukoer,http://a0.twimg.com/profile_images/380996073/HelenH_normal.jpg
PhilWales,2.1558,4,97,3,SCOREProject,http://a0.twimg.com/profile_images/530825897/Phil_Davies_normal.jpg
alexmikro,81.42,7,101,4,"SCOREProject,ukoer",http://a0.twimg.com/profile_images/237269180/alex_normal.jpg
Electricguapa,0,0,12,4,SCOREProject,http://a0.twimg.com/profile_images/1707603112/99e29a408f41cf4db22b3d040e7f71ca3e70158d_m_2_normal.jpg
HEA_Events,183.96,32,256,3,SCOREProject,http://a0.twimg.com/profile_images/1743353191/HEA_Logo_Twitter_normal.jpg
csapoer2,1872.3,50,86,1,"SCOREProject,ukoer",http://a0.twimg.com/profile_images/1115211242/Picture1_normal.gif
HistorySC,848.21,33,209,3,SCOREProject,http://a0.twimg.com/profile_images/326263788/purplelogoonlygif_normal.gif
lisajscott82,146.72,22,126,1,ukoer,http://a0.twimg.com/profile_images/67972695/LRogers_1_normal.jpg
marie_s,165.36,18,106,0,ukoer,http://a0.twimg.com/profile_images/970796919/me100x100_normal.jpg
OpenScout,862.43,11,61,4,"SCOREProject,ukoer",http://a0.twimg.com/profile_images/1418526183/logo-openscout-2_normal.png
JanPawlowski,312.46,12,131,4,SCOREProject,http://a0.twimg.com/profile_images/59359869/Pawlowski102005web_small_normal.jpg
BrunelCopyright,35.842,4,135,3,ukoer,http://a0.twimg.com/profile_images/733776122/Copyright_symbol_normal.png
LORO_OU,149.05,22,111,1,"SCOREProject,ukoer",http://a0.twimg.com/profile_images/1127509998/HiRes_normal.jpg
TheCliffVN,0,0,30,4,ukoer,http://a0.twimg.com/sticky/default_profile_images/default_profile_6_normal.png
ARC_Teesside,71.766,12,70,0,SCOREProject,http://a0.twimg.com/profile_images/1096088861/arc_logo_new_normal.jpg
photo_sarah_mc,0,0,43,3,ukoer,http://a0.twimg.com/profile_images/1396138211/McAdam_Rhubarb_02_normal.jpg
HanrahanDan,0,0,63,4,SCOREProject,http://a0.twimg.com/profile_images/1563929301/Dan_normal.jpg
Chri5rowell,3.2291,6,83,0,ukoer,http://a0.twimg.com/profile_images/1124242979/chris_at_train_station_normal.jpg
tareklutfi,0,0,39,4,SCOREProject,http://a0.twimg.com/profile_images/1616967075/vdlzJ5Yt_normal
elearninglpool,190.39,18,132,0,"SCOREProject,ukoer",http://a0.twimg.com/profile_images/1232642580/liver_normal.png
scibella_cris,0,0,47,3,ukoer,http://a0.twimg.com/profile_images/1237862132/scibella7_normal.jpg
prodromos,20.966,9,222,1,ukoer,http://a0.twimg.com/profile_images/53188712/6_normal.jpg
PLumsden,172.87,6,107,3,ukoer,http://a0.twimg.com/profile_images/1346870872/coledaleOct07a_normal.jpg
caniko,43.796,17,106,4,"SCOREProject,ukoer",http://a0.twimg.com/profile_images/55791374/twit_normal.jpg
Girlyfoureyes,10.346,2,14,3,ukoer,http://a0.twimg.com/profile_images/1175568756/Girl_with_Fashion_Glasses_Coloring_Page_normal.png
Ellenishier,139.02,21,224,4,SCOREProject,http://a0.twimg.com/profile_images/1157274512/Ellen_OEB2010_normal.JPG
marianneshepp,656.82,52,177,0,ukoer,http://a0.twimg.com/profile_images/81348992/P1000304_2_normal.jpg
cluasa,65.366,4,36,0,"SCOREProject,ukoer",http://a0.twimg.com/profile_images/1295863517/Untitled-1_normal.png
philwane,55.462,12,174,0,SCOREProject,http://a0.twimg.com/profile_images/1528790699/Phil-Twit-Torn_normal.gif
bjoernhassler,13.311,6,54,4,ukoer,http://a0.twimg.com/profile_images/1797085153/Bjoern_Hassler_480x480_normal.jpg
GillianHatt,8.2612,7,51,4,ukoer,http://a0.twimg.com/profile_images/1470555016/Gill_Twitter_normal.jpg
TELWinch,21.096,10,92,0,SCOREProject,http://a0.twimg.com/profile_images/872275806/blended-learning-sml_normal.jpg
technogogical,74.71,9,93,0,ukoer,http://a0.twimg.com/profile_images/1237238252/snake_normal.jpg
JoDC_,0.99845,1,59,0,ukoer,http://a0.twimg.com/profile_images/1587654092/312075_10150152914340128_586410127_11649912_342907048_n_normal.jpg
Nicholas_St,0.95177,1,69,4,ukoer,http://a0.twimg.com/profile_images/1719645449/php6qJpSxAM_normal.jpg
hea_engsc,1827.2,57,293,3,ukoer,http://a0.twimg.com/profile_images/44272272/ESC_normal.jpg
HEAcademy,3592.3,210,3997,3,"SCOREProject,ukoer",http://a0.twimg.com/profile_images/1743213758/HEA_Logo_Twitter_normal.jpg
denises19,14.001,9,46,0,SCOREProject,http://a0.twimg.com/profile_images/1192628803/ViewFromMyWindow_normal.JPG
ChrisPegler,1563.2,76,291,4,ukoer,http://a0.twimg.com/profile_images/55830222/stopandsearch_normal.jpg
frenchdisko,28.43,8,59,0,ukoer,http://a0.twimg.com/profile_images/78250566/anna_normal.jpg
Oxford4Learning,26.312,6,53,0,SCOREProject,http://a0.twimg.com/profile_images/1747841328/F_Geng__normal.jpg
lunalanguage,0,0,92,3,SCOREProject,http://a0.twimg.com/profile_images/1940565570/headshot_backdoor_normal.jpg
neilshel,20.11,5,41,4,ukoer,http://a0.twimg.com/profile_images/1663926274/Guyana__Indonesia__and_general_150_normal.jpg
HESTEM,5.8512,7,183,3,SCOREProject,http://a0.twimg.com/profile_images/1299438231/HESTEMTWEET_normal.jpg
HEAHealthSciEd,31.167,4,37,3,ukoer,http://a0.twimg.com/profile_images/2092334388/Health_Sciences_sharpened_normal.png
rscwales,323.06,55,662,0,ukoer,http://a0.twimg.com/profile_images/1259481594/RSCWalesTwitterLogo_normal.png
alexpreal,4.5767,3,29,4,ukoer,http://a0.twimg.com/profile_images/1226426402/Picture0004bis_normal.jpg
iangardnergb,63.826,5,150,0,SCOREProject,http://a0.twimg.com/profile_images/1540874119/cnv00024_normal.jpg
freemusiccharts,0,0,98,4,SCOREProject,http://a0.twimg.com/profile_images/1481174095/twitterpic_normal
Cheryl4TeL,802.22,21,122,0,SCOREProject,http://a0.twimg.com/profile_images/1428796756/cheryl_normal.jpg
a4m111,0,0,29,2,ukoer,http://a0.twimg.com/profile_images/1425944845/avatar14343_47_normal.gif
Onkloud9,57.426,12,196,2,ukoer,http://a0.twimg.com/profile_images/493346478/MB_010_normal.jpg
sotonDE,16.81,8,76,0,SCOREProject,http://a0.twimg.com/profile_images/1641814728/Capture_normal.PNG
Uli_T,428.48,8,68,1,ukoer,http://a0.twimg.com/profile_images/334197459/f1_normal.jpg
sarahinthepark,0,0,136,1,SCOREProject,http://a0.twimg.com/profile_images/1512513765/books4_normal.png
bio_kent,49.126,2,226,3,ukoer,http://a0.twimg.com/profile_images/452150763/bioscience2_normal.jpg
writersinspire,151.03,9,89,1,"SCOREProject,ukoer",http://a0.twimg.com/profile_images/2100831075/20120412-ddp5wjfyn9dbgmd8n7pb1mpj5g_normal.jpg
kefletcher,119.53,20,207,4,ukoer,http://a0.twimg.com/profile_images/1168913200/windy_headshot_normal.jpg
apk1975,9.0354,4,65,1,ukoer,http://a0.twimg.com/profile_images/118777250/leon_glasses_s_normal.JPG
jomasterson7,1074.7,28,58,3,"SCOREProject,ukoer",http://a0.twimg.com/profile_images/259841731/Joanne_Masterson_normal.jpg
AmyatVADS,935.53,17,355,1,"SCOREProject,ukoer",http://a0.twimg.com/profile_images/1152200287/004826_1_mini_normal.jpg
getpolymath,0.44898,1,3050,4,ukoer,http://a0.twimg.com/profile_images/1725019547/Favicon_normal.png
IgniteFutures,0,1,161,4,SCOREProject,http://a0.twimg.com/profile_images/1197101095/Picture_3_normal.png
melshall,0,2,59,0,ukoer,http://a0.twimg.com/profile_images/1750815295/image_normal.jpg
Marbellis,0.85682,1,215,4,SCOREProject,http://a0.twimg.com/profile_images/1056758453/27402_616315547_8532_q_normal.jpg
Danceswithcloud,12.189,6,93,0,ukoer,http://a0.twimg.com/profile_images/1213598693/Sandra_and_Lesley_by_sea_normal.jpg
gemzoed,0.29073,3,161,2,SCOREProject,http://a0.twimg.com/profile_images/1849277225/wartimesepia_normal.png
JorumTeam,6123,193,737,3,"SCOREProject,ukoer",http://a0.twimg.com/profile_images/1115742677/Jorum_logo_bluetiny_normal.gif
IECESC,0,0,22,4,ukoer,http://a0.twimg.com/profile_images/1996429689/IECESC-A_Cropped_normal.jpg
holl_elearning,77.036,11,80,0,ukoer,http://a0.twimg.com/profile_images/1386878415/MMUlogo_reasonably_small_normal.jpg
IngridWagemans,0,0,113,2,ukoer,http://a0.twimg.com/profile_images/1114653918/Ingrid_Wagemans_normal.jpg
danielclarkfca,39.003,6,195,0,SCOREProject,http://a0.twimg.com/profile_images/1542621326/Close_up_headshot_normal.jpg
mcorreia9,97.708,4,64,4,SCOREProject,http://a0.twimg.com/profile_images/2131478466/foto_telm_normal.jpg
craigdooley,85.782,7,100,0,ukoer,http://a0.twimg.com/profile_images/1319616450/n602821462_1275507_5691_normal.jpg
weedog,208.89,27,321,0,ukoer,http://a0.twimg.com/profile_images/1155260549/qrme_normal.jpg
biffwa,4.1872,1,81,2,ukoer,http://a0.twimg.com/profile_images/1634403138/400px-Flammarion_normal.jpg
stiiiv,20.243,5,147,3,"SCOREProject,ukoer",http://a0.twimg.com/profile_images/1675381555/SK___Tie_1_normal.JPG
simon_mahony,42.51,8,401,1,ukoer,http://a0.twimg.com/profile_images/130212454/Smir_Medium__normal.jpg
neilgmcpherson,132.15,8,173,0,ukoer,http://a0.twimg.com/profile_images/1879195517/nm1_normal.jpg
Sarah_Cunnane,45.022,7,230,3,ukoer,http://a0.twimg.com/profile_images/1801387637/Sarah_Cunnane_normal.jpg
siansquire,719.15,3,41,0,ukoer,http://a0.twimg.com/profile_images/1417073022/face_normal.JPG
christa_line,586.79,41,336,0,"SCOREProject,ukoer",http://a0.twimg.com/profile_images/1214454269/e7db7dbf-6563-4913-9fc1-a6ac29fcc177_normal.jpg
MainwoodDavid,0,0,118,4,SCOREProject,http://a0.twimg.com/profile_images/1721612837/Image2_normal.png
gillferrell,375.98,40,206,0,ukoer,http://a0.twimg.com/profile_images/1738991108/gill_for_upload__2__normal.PNG
chemtube3d,89.778,5,304,0,ukoer,http://a0.twimg.com/profile_images/275180429/E2all_normal.jpg
LynBender,152.19,14,89,0,SCOREProject,http://a0.twimg.com/profile_images/1705613690/203140_100002658301979_5498092_n_normal.jpg
JISCLegal,1058.6,104,905,0,"SCOREProject,ukoer",http://a0.twimg.com/profile_images/1281612871/JISCLegal_Square_Logo_normal.jpg
jwp555,0.67691,3,93,1,ukoer,http://a0.twimg.com/profile_images/1038463439/old_man_cactus_normal.jpg
ocwsearch,291.19,29,260,4,ukoer,http://a0.twimg.com/profile_images/851342068/favicon-talk_normal.png
planetou,222.44,20,170,4,SCOREProject,http://a0.twimg.com/profile_images/53619158/planetou_normal.jpg
xerte_project,2461.4,85,353,0,ukoer,http://a0.twimg.com/profile_images/224601955/twitter_normal.jpg
tdmderrin,28.797,6,137,0,SCOREProject,http://a0.twimg.com/profile_images/1407866007/derrin-twitter-personal_normal.jpg
hurricaneally,4.4258,3,172,2,SCOREProject,http://a0.twimg.com/profile_images/703401215/n710485752_2261_normal.jpg
Bea_John,62.078,10,147,0,"SCOREProject,ukoer",http://a0.twimg.com/profile_images/1773231107/bernadette_normal.jpg
leaduab,72.224,6,114,4,SCOREProject,http://a0.twimg.com/profile_images/1692585196/lead_vimeo_normal.jpg
conclusao,0,1,52,4,SCOREProject,http://a0.twimg.com/profile_images/1498400733/c_normal.jpg
KTDigital,285.44,23,484,1,ukoer,http://a0.twimg.com/profile_images/479927042/me_2_normal.jpg
francesferreira,134.61,9,120,4,SCOREProject,http://a0.twimg.com/profile_images/1307393934/IMGP2138_normal.JPG
DominicNewbould,6.5133,6,178,4,SCOREProject,http://a0.twimg.com/profile_images/2145265695/606feb44-7e87-4c50-9326-be0f0344777f_normal.png
PSilviya,0.034483,1,25,2,ukoer,http://a0.twimg.com/profile_images/1514197088/102_0047_-_Copy_normal.JPG
santtuc,0,1,283,2,ukoer,http://a0.twimg.com/profile_images/1294266145/dd6960bd-86a1-47dd-9462-fe9afff2a77f_normal.jpg
narcomarco,32.782,8,197,0,ukoer,http://a0.twimg.com/profile_images/1189651914/me_normal.jpg
Mackiwg,2295.5,61,471,4,SCOREProject,http://a0.twimg.com/profile_images/1066358035/440px-Wayne_Mackintosh_Yale_2010_normal.jpg
t1mc,118.19,17,80,4,"SCOREProject,ukoer",http://a0.twimg.com/profile_images/75990341/Photo_15_normal.jpg
pheras,0,0,144,4,SCOREProject,http://a0.twimg.com/profile_images/1232067075/41372_710588328_7552_q_normal.jpg
guardianxpo,2.52,1,37,0,SCOREProject,http://a0.twimg.com/profile_images/1205975082/active-flow_normal.jpg
antoesp,231.06,45,798,4,ukoer,http://a0.twimg.com/profile_images/574985423/Foto_23_normal.jpg
rlnoss,150.12,28,267,0,ukoer,http://a0.twimg.com/profile_images/1187231800/richard_noss_portrait_normal.jpg
preetharam,45.696,16,490,4,SCOREProject,http://a0.twimg.com/profile_images/1136921680/preetha2009_normal.jpg
sergiolagoa,14.23,5,89,4,SCOREProject,http://a0.twimg.com/profile_images/1571510386/eu_manif_normal.jpg
HEA_Scotland,450.28,76,1104,3,ukoer,http://a0.twimg.com/profile_images/1840924263/HEA_Logo_Twitter_normal.jpg
meatyloafy,123.59,6,120,2,"SCOREProject,ukoer",http://a0.twimg.com/profile_images/1386909576/baby_picture_normal.jpg
LT_Falmouth_Uni,49.585,6,69,3,"SCOREProject,ukoer",http://a0.twimg.com/profile_images/1749707006/lunchandlearn_normal.jpg
LucyLuCarroll,52.79,8,118,2,ukoer,http://a0.twimg.com/profile_images/1720289798/image_normal.jpg
xpert_project,3141.2,89,240,1,"SCOREProject,ukoer",http://a0.twimg.com/profile_images/1106344093/logoresults_normal.gif
heiwpresearch,714.18,4,99,3,SCOREProject,http://a0.twimg.com/profile_images/2100424224/DOI_-_Word_Cloud_all_abstracts_photocopy_effect_normal.png
JISCAdvance,3207.6,132,736,0,"SCOREProject,ukoer",http://a0.twimg.com/profile_images/1120956843/JA_for_Twitter_normal.jpg
cgreen,510.65,50,1210,4,"SCOREProject,ukoer",http://a0.twimg.com/profile_images/26424262/Sailing_001_normal.jpg
ae_romero,1.7785,1,72,4,ukoer,http://a0.twimg.com/profile_images/14665572/Imagen011_normal.jpg
chrissinerantzi,1969.1,34,275,0,SCOREProject,http://a0.twimg.com/profile_images/1857302449/chrissi_july2011_2_1_small_normal.jpg
dr_neil,556.44,67,492,0,ukoer,http://a0.twimg.com/profile_images/1735408001/twitt2_normal.jpg
PhilipDLight,0,0,29,0,ukoer,http://a0.twimg.com/sticky/default_profile_images/default_profile_4_normal.png
hea_AH,30.939,8,75,3,"SCOREProject,ukoer",http://a0.twimg.com/profile_images/2024668053/Arts_and_Humanities_HEA_logo_electronic_version_JPEG_normal.jpg
mikethrussell,51.186,13,159,0,ukoer,http://a0.twimg.com/profile_images/1244454734/Screen_shot_2011-02-14_at_20.59.39_normal.png
philosopher1978,312.06,34,403,4,ukoer,http://a0.twimg.com/profile_images/843638509/face_normal.jpg
giotita,218.82,30,327,4,ukoer,http://a0.twimg.com/profile_images/27922642/me_in_som_hous_normal.jpg
will789gb,10.798,6,168,4,ukoer,http://a0.twimg.com/profile_images/69236582/will-twitt_normal.jpg
SCOREProject,64692,303,327,4,ukoer,http://a0.twimg.com/profile_images/1163182653/logo_small_normal.PNG
Rob_work,348.75,44,288,0,ukoer,http://a0.twimg.com/profile_images/927808370/ninjasaur_rob_normal.png
alexbrightab,0,0,60,4,SCOREProject,http://a0.twimg.com/profile_images/1149371353/2_normal.jpg
amcgettigan,1.7833,4,333,3,ukoer,http://a0.twimg.com/profile_images/1262764606/Photo-0121_normal.jpg
Routesintolangs,7.689,10,847,3,SCOREProject,http://a0.twimg.com/profile_images/1089681868/routes_icon_for_forums_normal.gif
livcoll_lrc,13.881,5,200,2,"SCOREProject,ukoer",http://a0.twimg.com/profile_images/1701857767/7Yor5hhxynoYm4UwDtIJVRSFLsa-WJ-n1DnFpL61uN8__normal.png
timku,825.6,24,267,0,ukoer,http://a0.twimg.com/profile_images/66328064/Tim3_normal.jpg
What5_N3w,0.68036,2,78,3,ukoer,http://a0.twimg.com/profile_images/1215738869/Mel_normal.jpg
mrgarin,5.6668,3,319,4,ukoer,http://a0.twimg.com/profile_images/441078691/xp0whmy5r0fJFYAwmBTK2WDTrF160QjgPk1D7gaFwamalQjwEG21xQVuBt55aCdQ_normal.jpg
juliekeane,49.92,6,286,4,SCOREProject,http://a0.twimg.com/profile_images/555679739/IMG_0262_1_normal.JPG
MKM61,2.2915,1,55,3,"SCOREProject,ukoer",http://a0.twimg.com/profile_images/1747878205/Small-DSCF9813_normal.jpg
EmmaCooksonUCBC,17.559,3,326,2,ukoer,http://a0.twimg.com/profile_images/1240636500/PhotoEditor1297377490902_normal.jpg
yrathro,194.92,17,305,0,ukoer,http://a0.twimg.com/profile_images/1164609393/rt_s_normal.jpg
The_AUA,65.274,14,595,3,ukoer,http://a0.twimg.com/profile_images/1848512229/Crest_1_Red__black_on_white__normal.jpg
swordapp,512.12,32,441,1,ukoer,http://a0.twimg.com/profile_images/102863514/swordappTwitter_normal.jpg
janetfinlay,1239.4,30,314,0,ukoer,http://a0.twimg.com/profile_images/913866966/janet-show_normal.jpg
ISRecruit,0,0,161,2,ukoer,http://a0.twimg.com/profile_images/1735955067/isrlogo_normal.png
kindofdigital,61.429,3,445,3,SCOREProject,http://a0.twimg.com/profile_images/1163674113/square-logo_normal.png
canningcircus,30.202,9,205,2,ukoer,http://a0.twimg.com/profile_images/1702309792/CP_001800px_normal.jpg
nimble_monkey,8.8157,4,207,1,ukoer,http://a0.twimg.com/profile_images/1465353295/m0nks_haircut1_normal.gif
willwoods,385.96,27,260,4,"SCOREProject,ukoer",http://a0.twimg.com/profile_images/524575262/will_woods_small_normal.jpg
Tim10101,3683.2,53,194,4,"SCOREProject,ukoer",http://a0.twimg.com/profile_images/73781386/tim_normal.jpg
saylordotorg,592.62,40,529,4,ukoer,http://a0.twimg.com/profile_images/1292777754/favicon180_normal.png
amoisesmatos,651.38,4,140,4,SCOREProject,http://a0.twimg.com/profile_images/1133842436/ana_normal.jpg
RSCLondon,595.42,45,413,0,SCOREProject,http://a0.twimg.com/profile_images/1208401554/RSC_London_Logo_normal.jpg
BDMediaZoo,1287.9,55,387,4,"SCOREProject,ukoer",http://a0.twimg.com/profile_images/819772547/image_preview_normal.jpg
twitthaus,3743.1,69,298,4,"SCOREProject,ukoer",http://a0.twimg.com/profile_images/1867414190/Gabi_Witthaus_480X480_normal.jpg
lisparcell,780.6,50,305,0,ukoer,http://a0.twimg.com/profile_images/79883701/IMAGE_222_normal.jpg
TheCRA,302.19,28,203,0,ukoer,http://a0.twimg.com/profile_images/470397279/twitter_normal.JPG
statsepi,8.0804,3,451,3,SCOREProject,http://a0.twimg.com/profile_images/1153338565/sigma_small_normal.jpg
MirandaBustard,0,0,42,3,SCOREProject,http://a0.twimg.com/sticky/default_profile_images/default_profile_4_normal.png
LTNottingham,2318.4,81,356,0,ukoer,http://a0.twimg.com/profile_images/1129432789/twittersq_normal.jpg
LiamEarney,418.09,19,213,1,ukoer,http://a0.twimg.com/profile_images/325060850/IMG_0071_normal.jpg
trixieBooth,74.89,15,130,3,ukoer,http://a0.twimg.com/profile_images/2049402864/misty_normal.jpg
david_mossley,337.2,20,94,3,"SCOREProject,ukoer",http://a0.twimg.com/profile_images/1526499969/273529_530851928_8277101_n_normal.jpg
jisccetis,9255.4,94,352,0,"SCOREProject,ukoer",http://a0.twimg.com/profile_images/1163865526/transparent-logo-50_normal.jpg
shirleyevans,130.32,13,127,0,ukoer,http://a0.twimg.com/profile_images/1877299295/Shirley_March_2012_normal.jpg
liborhurt,1.2478,2,114,1,ukoer,http://a0.twimg.com/profile_images/1973457552/fP3UcdM1_normal
HazooEducation,136.62,10,210,4,SCOREProject,http://a0.twimg.com/profile_images/1517485113/me_normal.jpg
PAKendrick,1.9823,4,127,0,ukoer,http://a0.twimg.com/profile_images/1763614259/image1326877896_normal.png
eddebainbridge,56.705,16,1287,4,SCOREProject,http://a0.twimg.com/profile_images/1357470345/ridiculous_normal.jpg
drnickpearce,1390.1,44,357,4,"SCOREProject,ukoer",http://a0.twimg.com/profile_images/506423209/4629_207319525477_821010477_7054819_7621621_s_normal.jpg
strictlykaren,314.35,18,242,0,ukoer,http://a0.twimg.com/profile_images/1168508756/karenS_normal.jpg
jiMMUni,126.67,12,227,0,ukoer,http://a0.twimg.com/profile_images/268976155/4927_114811854055_821019055_2758343_4822252_n_normal.jpg
marta_u,783.2,13,261,4,"SCOREProject,ukoer",http://a0.twimg.com/profile_images/1399064100/poss_portrait_normal.JPG
DIALProject,422.73,20,93,1,"SCOREProject,ukoer",http://a0.twimg.com/profile_images/1656935463/DIAL_logo_fill-SQ-new-big_normal.jpg
zrinkav,0.39102,1,90,4,ukoer,http://a0.twimg.com/profile_images/1859040587/Moj_avatarv_normal.jpg
Oliver_Jenkins,5.2463,6,162,0,ukoer,http://a0.twimg.com/profile_images/1840987754/OJ_QR_Profile_normal.png
BeckPitt,20.6,12,175,4,SCOREProject,http://a0.twimg.com/profile_images/1797031093/reading_normal.jpg
ifrank,32.417,6,199,4,ukoer,http://a0.twimg.com/profile_images/1883574824/frank_ilene2_normal.jpg
ltgoxford,2278.3,59,689,2,"SCOREProject,ukoer",http://a0.twimg.com/profile_images/758086565/ltg_normal.jpg
EleniZazani,773.8,18,267,2,"SCOREProject,ukoer",http://a0.twimg.com/profile_images/1110712150/EZazani_bigger_normal.jpg
CareersInfo,5.7733,4,248,2,ukoer,http://a0.twimg.com/profile_images/280489444/profile_pic_normal.JPG
SergioFonsec,0,0,66,4,ukoer,http://a0.twimg.com/profile_images/1407641433/SF_Image_normal.jpg
hea_EvidenceNet,3556.3,117,628,3,"SCOREProject,ukoer",http://a0.twimg.com/profile_images/1120280530/EN__logo_notext_ball_20080807_normal.GIF
kimmy_mc,5.2435,4,144,4,SCOREProject,http://a0.twimg.com/profile_images/1120304577/Kim_Mc_normal.jpg
VickiMcGarvey,1621.5,61,257,1,"SCOREProject,ukoer",http://a0.twimg.com/profile_images/1440939525/DSC06183v3_normal.JPG
diversitylib,0.125,2,53,2,ukoer,http://a0.twimg.com/profile_images/1694542634/Kellermagazin_normal.JPG
HEA_SE,1238.9,61,540,3,"SCOREProject,ukoer",http://a0.twimg.com/profile_images/1184789348/clip_image003_normal.gif
fmccdancer,57.22,7,147,0,"SCOREProject,ukoer",http://a0.twimg.com/profile_images/1814982066/2986d6a8-a616-4d2e-a271-117048ee1be8_normal.png
LaurianW,84.125,10,96,1,"SCOREProject,ukoer",http://a0.twimg.com/sticky/default_profile_images/default_profile_5_normal.png
CapitaEdSEN,162.44,1,118,3,ukoer,http://a0.twimg.com/profile_images/2035091310/social_media_Logo_educ_res_normal.JPG
eLene2learn,396.92,21,328,4,SCOREProject,http://a0.twimg.com/profile_images/1181510067/Deb_CV09_normal.jpg
pierrefar,47.918,12,2066,1,ukoer,http://a0.twimg.com/profile_images/1206498555/Pierre-Far-2_normal.jpg
LLASCentre,1906.5,60,902,3,"SCOREProject,ukoer",http://a0.twimg.com/profile_images/1452974639/LLAS_Icon_normal.png
catherinewasiuk,159.44,22,173,0,ukoer,http://a0.twimg.com/profile_images/1359689025/186540_607860581_7349055_n_normal.jpg
R3beccaF,578.23,42,485,4,SCOREProject,http://a0.twimg.com/profile_images/1638382716/squaremii_normal.jpg
Liza_Hitge,1.5951,2,98,4,ukoer,http://a0.twimg.com/profile_images/1905632252/IMG_1474_normal.JPG
debseed,23.476,5,249,0,ukoer,http://a0.twimg.com/profile_images/1498783948/AVATAR_normal.jpg
budsmam,4.9102,5,168,2,ukoer,http://a0.twimg.com/profile_images/1174070503/profile_normal.jpg
grainnehamilton,377.45,32,391,0,ukoer,http://a0.twimg.com/profile_images/2060427246/image_normal.jpg
daviddclay,190.64,16,537,2,ukoer,http://a0.twimg.com/profile_images/468288203/138485566_7f17aafe84_s_normal.jpg
agentjohnson,85.548,10,287,0,ukoer,http://a0.twimg.com/profile_images/1771476583/IMG01979-20120121-2047_normal.jpg
jaxrafferty,10.01,9,718,3,ukoer,http://a0.twimg.com/profile_images/1857340243/JackieR09_normal.jpg
NKorn,770.8,47,317,1,"SCOREProject,ukoer",http://a0.twimg.com/profile_images/1296296595/IMGP0206_normal.JPG
ubuntourist,130.84,1,87,4,SCOREProject,http://a0.twimg.com/profile_images/1179332912/GRI_Kevin_Cole_normal.jpg
DianeChoiceKY,1.8523,1,21,4,SCOREProject,http://a0.twimg.com/sticky/default_profile_images/default_profile_3_normal.png
BenGuilbaud,357.89,22,261,0,ukoer,http://a0.twimg.com/profile_images/2086912257/image_normal.jpg
MTG_work,187.05,20,229,1,SCOREProject,http://a0.twimg.com/profile_images/1813648369/headshot_normal.jpg
ruchione,0,0,291,2,ukoer,http://a0.twimg.com/profile_images/186564597/ME_normal.jpg
Learn4work,37.786,7,413,2,ukoer,http://a0.twimg.com/profile_images/1236848052/My_headshot_normal.JPG
philbarker,3659.2,93,455,1,ukoer,http://a0.twimg.com/profile_images/1929482121/philb_normal.jpg
zeeik,0,0,64,1,SCOREProject,http://a0.twimg.com/profile_images/1966526454/logo_zeeik_normal.PNG
slewth,141.68,20,629,0,ukoer,http://a0.twimg.com/profile_images/853613852/twitter_normal.jpg
jj27vv,35.283,6,249,0,SCOREProject,http://a0.twimg.com/profile_images/1602233459/JVMRi3.tiff_normal.jpg
jacqu23,176.67,13,108,1,"SCOREProject,ukoer",http://a0.twimg.com/profile_images/1795542933/bc1vNS5n_normal
KavuBob,4206.6,128,713,1,"SCOREProject,ukoer",http://a0.twimg.com/profile_images/1163345241/profile_normal.jpg
ffynnonweb,47.412,12,200,0,ukoer,http://a0.twimg.com/profile_images/1246396607/ffynnonweb_fbgreen_normal.jpg
sitvis,241.36,6,152,2,ukoer,http://a0.twimg.com/profile_images/1458259542/Gregor1_normal.jpg
BioethicsUK,0.44708,1,906,2,ukoer,http://a0.twimg.com/profile_images/116615974/Copy_of_thruskyscrapertokyo_normal.jpg
waqast44,13.878,3,249,3,SCOREProject,http://a0.twimg.com/profile_images/1409460056/Pic_11_normal.JPG
traceymadden,2863.3,96,585,1,ukoer,http://a0.twimg.com/profile_images/780909066/botharms_normal
postgradtoolbox,179.47,20,1500,3,ukoer,http://a0.twimg.com/profile_images/1111821823/toolbox_logo_vertical_normal.png
trishlet,3.1524,2,405,4,ukoer,http://a0.twimg.com/profile_images/1297537509/photo__4__normal.JPG
serena4444,45.051,3,57,0,ukoer,http://a0.twimg.com/profile_images/1790111920/flower_normal.jpg
karenf59,155.32,26,275,0,ukoer,http://a0.twimg.com/profile_images/1119622111/me_normal.JPG
sarahhorrigan,950.22,71,1281,0,ukoer,http://a0.twimg.com/profile_images/56435651/Me_normal.jpg
RebeccaGalley,2109.1,65,434,0,SCOREProject,http://a0.twimg.com/profile_images/669903362/005_normal.JPG
afdujardin,180.06,27,570,0,ukoer,http://a0.twimg.com/profile_images/248254903/AFDujardin2_normal.jpg
Kiltey,295.96,20,167,0,ukoer,http://a0.twimg.com/profile_images/1586140492/greatkilt_normal.jpg
reedyreedles,844.83,24,446,0,ukoer,http://a0.twimg.com/profile_images/55969021/me_normal.jpg
xolabs,0,0,532,4,SCOREProject,http://a0.twimg.com/profile_images/587063738/x_normal.gif
JackieCarter,3149.9,94,587,1,"SCOREProject,ukoer",http://a0.twimg.com/profile_images/1345208779/Jackie_5_normal.JPG
jjlawless,20.537,2,382,4,ukoer,http://a0.twimg.com/profile_images/1630285666/nbek9_normal.jpg
fionajharvey,348,30,302,0,ukoer,http://a0.twimg.com/profile_images/1784694098/IMG_0584_normal.JPG
JSJennie,11.646,3,120,0,ukoer,http://a0.twimg.com/profile_images/1177804435/Me_normal.jpg
aisantos,2894.5,48,671,4,"SCOREProject,ukoer",http://a0.twimg.com/profile_images/73396814/P1000877_normal.JPG
hblanchett,999.05,50,407,0,ukoer,http://a0.twimg.com/profile_images/999814012/HCB3_normal.jpg
DafyddTrystan,35.381,5,918,3,ukoer,http://a0.twimg.com/profile_images/1589819321/4-DafyddFinalBW-3064_normal.jpg
Joscelyn,505.68,27,1355,1,ukoer,http://a0.twimg.com/profile_images/2103790533/headshot3_resized_normal.jpg
wolfstrome,0,0,383,4,SCOREProject,http://a0.twimg.com/profile_images/1227075727/Grey_Wolf_Orca_normal.JPG
DDerraven,1.0357,1,134,0,ukoer,http://a0.twimg.com/profile_images/865586265/Dawn_normal.jpg
AngloFLE,65.903,9,434,3,SCOREProject,http://a0.twimg.com/profile_images/665186877/120px-Share.svg_normal.png
gillybean42,994.19,25,326,1,ukoer,http://a0.twimg.com/profile_images/1640500659/Gill2_normal.jpg
ChandosTweets,41.841,5,585,2,ukoer,http://a0.twimg.com/profile_images/1231662003/Chandos_Twitter_normal.jpg
daveowhite,3508,154,2216,0,ukoer,http://a0.twimg.com/profile_images/1511523833/OERTwitB_normal.jpg
HeyWayne,58.582,17,173,0,ukoer,http://a0.twimg.com/profile_images/52390122/Wayne-Barry-2_normal.jpg
aclobridge,114,5,362,1,SCOREProject,http://a0.twimg.com/profile_images/1318277677/aclobridge_02-2011_125x125_normal.jpg
misetak,32.247,11,610,4,SCOREProject,http://a0.twimg.com/profile_images/1424397890/robocup_normal.png
mattewensRSCSW,337.95,23,206,0,SCOREProject,http://a0.twimg.com/profile_images/1696232289/225824_10150172508777379_576727378_7136932_1477434_n_normal.jpg
TheAgileAnalyst,238.72,19,471,2,ukoer,http://a0.twimg.com/profile_images/57672346/P1010041thumb_normal.jpg
atikslam,0,0,33,2,ukoer,http://a0.twimg.com/profile_images/1868691569/twitter_marketing_normal.jpg
nickgreeves,156.9,13,518,0,ukoer,http://a0.twimg.com/profile_images/1239635840/ng_normal.jpg
VictorAtPiazza,0.18592,1,31,4,SCOREProject,http://a0.twimg.com/profile_images/1830169753/Photo_on_1-11-12_at_9.12_PM_normal.jpg
CTLUL,30.388,9,241,3,ukoer,http://a0.twimg.com/profile_images/808978910/ctl_normal.png
Czernie,2713,66,886,4,"SCOREProject,ukoer",http://a0.twimg.com/profile_images/427178107/laura_2008_for_online_normal.jpg
romieh,791.8,44,543,0,ukoer,http://a0.twimg.com/profile_images/1290044287/heaney_rose_normal.jpg
ambrouk,9842.9,149,879,1,"SCOREProject,ukoer",http://a0.twimg.com/profile_images/1265852770/amberthomas_normal.jpg
MartynCooper,559.87,36,578,4,ukoer,http://a0.twimg.com/profile_images/52179249/MC2-Porto-Aug01_normal.JPG
dougclow,1522.2,65,801,4,"SCOREProject,ukoer",http://a0.twimg.com/profile_images/1696256895/2011-12-16_Doug_square_normal.jpg
CriticalSteph,219.73,29,606,1,ukoer,http://a0.twimg.com/profile_images/1767007702/jiji__1__normal.jpg
easegill,81.569,13,640,4,ukoer,http://a0.twimg.com/profile_images/1828655076/IMG_5512_normal.JPG
dentonpotter11,4804,33,145,4,"SCOREProject,ukoer",http://a0.twimg.com/profile_images/1305879164/FB_icon_normal.jpg
hrdservices,2.0682,2,326,3,SCOREProject,http://a0.twimg.com/profile_images/1670298079/avatar_normal.JPEG
covcampus,296.56,27,5567,3,ukoer,http://a0.twimg.com/profile_images/444634860/twit_profile_06c_normal.jpg
morageyrie,610.7,39,543,1,ukoer,http://a0.twimg.com/profile_images/1203404027/2010-12-31_16.29.15_Glasgow_GB_normal.jpg
raoulrugamba,0,0,233,4,SCOREProject,http://a0.twimg.com/profile_images/1480536469/IMG_0119_normal.JPG
smartassessor,5.5469,1,236,0,ukoer,http://a0.twimg.com/profile_images/1262108440/logo_normal.jpg
nootool,0.53793,1,68,2,ukoer,http://a0.twimg.com/profile_images/485464783/LPiazza5885_2_normal.jpg
mrnick,2274.9,67,577,1,"SCOREProject,ukoer",http://a0.twimg.com/profile_images/1474816240/IMG_2436_normal.JPG
LuuConferencing,0,2,286,3,SCOREProject,http://a0.twimg.com/profile_images/1467323620/IMG_6948_normal.jpg
Learning_Agency,1082.3,21,386,4,SCOREProject,http://a0.twimg.com/profile_images/1149486287/logofinalS_normal.gif
SussexTLDU,1168.7,47,582,3,ukoer,http://a0.twimg.com/profile_images/1165723320/4117088671_c6ec55c333_s_normal.jpg
StephanPelland,0.87778,1,209,4,SCOREProject,http://a0.twimg.com/profile_images/1125015887/me_normal.png
sheilmcn,6888,117,668,0,"SCOREProject,ukoer",http://a0.twimg.com/profile_images/1991216670/50__00001_normal.png
techno4learning,334.01,19,184,2,ukoer,http://a0.twimg.com/profile_images/772102759/sunflower_normal.jpg
PatrickD,79.201,11,907,1,ukoer,http://a0.twimg.com/profile_images/932603992/b8b3c2a1-2291-477e-8897-f3228c5b1e9f_normal.jpg
sardarl,378.87,24,325,0,ukoer,http://a0.twimg.com/profile_images/1255839405/P8240281_normal.jpg
VicksLou,54.667,4,256,2,ukoer,http://a0.twimg.com/profile_images/1588475564/IMG00002-20111013-1903_normal.jpg
conceptbin,14.49,5,265,3,SCOREProject,http://a0.twimg.com/profile_images/58875449/gs-phone-crop-micro_normal.jpg
acastrillejo,304.68,7,733,4,SCOREProject,http://a0.twimg.com/profile_images/1259927796/IMG_4621_normal.JPG
eeleach,38.59,6,732,2,ukoer,http://a0.twimg.com/profile_images/1353126720/EEL_official_Fac_picture_small_normal.jpg
GraceKimble,5.7064,1,268,4,SCOREProject,http://a0.twimg.com/profile_images/1567752821/GK_T_normal.jpg
brineast,10.519,2,104,3,ukoer,http://a0.twimg.com/profile_images/1305976658/SUKKI9_normal.jpg
DrSarahAtkinson,422.89,17,280,1,"SCOREProject,ukoer",http://a0.twimg.com/profile_images/1455165297/sarah_profile_smaller_normal.jpg
RSCSouthWest,1168.9,47,512,0,SCOREProject,http://a0.twimg.com/profile_images/1145241546/NEW_RSCs_Logo_Sep10_v1-_SouthWest_2_normal.jpg
elearningeuropa,1938.4,33,853,4,SCOREProject,http://a0.twimg.com/profile_images/1385508945/logo50-50_normal.jpg
jpodcaster,2313.1,59,413,0,"SCOREProject,ukoer",http://a0.twimg.com/profile_images/59090088/Photo_15_normal.jpg
talisaspire,192.66,10,278,0,ukoer,http://a0.twimg.com/profile_images/1257565447/aspire_logo_normal.jpg
open_michigan,5525.4,68,1078,4,"SCOREProject,ukoer",http://a0.twimg.com/profile_images/53448057/Picture_3_normal.png
OER_Center,5534.9,98,881,4,"SCOREProject,ukoer",http://a0.twimg.com/profile_images/382039549/OERlogo_normal.png
PatrickAndrews,11.994,5,469,3,SCOREProject,http://a0.twimg.com/profile_images/454216022/ash19238_2__normal.jpg
iskme,139.74,21,560,4,ukoer,http://a0.twimg.com/profile_images/1585864362/color.man.2_normal.jpg
RichardPriceUK,8.7495,2,187,1,ukoer,http://a0.twimg.com/profile_images/1176037973/twitpic_normal.jpg
vivboz,327,15,204,4,SCOREProject,http://a0.twimg.com/profile_images/1098565264/Viv_normal.JPG
IT_Degree,11.922,2,211,4,SCOREProject,http://a0.twimg.com/profile_images/1674391333/300x300-IT-Degree-Online-College-Web-Education_normal.jpg
angiduffsight,14.254,6,469,4,SCOREProject,http://a0.twimg.com/profile_images/1413160909/1309042383_4976.10751.woman_onlinelearning_normal.jpg
languages_web2,651.28,20,1400,4,SCOREProject,http://a0.twimg.com/profile_images/717776279/carr_1-300x300pt_normal.jpg
time_motion,112.04,4,529,1,ukoer,http://a0.twimg.com/profile_images/520123317/JS_logo_normal.jpg
johngcanning,1338.2,30,271,3,"SCOREProject,ukoer",http://a0.twimg.com/profile_images/1563737913/LLAS-Workshop-66_normal.gif
iandolphin24,1356.4,41,903,1,ukoer,http://a0.twimg.com/profile_images/1852756309/iconnew_normal.jpg
LeslieHolt2,0,0,187,4,SCOREProject,http://a0.twimg.com/profile_images/1726840817/Les-nye-1112_normal.jpg
glittrgirl,2340.3,80,949,1,"SCOREProject,ukoer",http://a0.twimg.com/profile_images/1779006044/red_hair_small_normal.png
lisaharris,228.25,23,1600,0,SCOREProject,http://a0.twimg.com/profile_images/1685218830/LisaH_normal.jpg
LeylaRazavi,0,2,402,1,ukoer,http://a0.twimg.com/profile_images/1586903845/8427_276410360346_518210346_8925820_4685091_n_normal.jpg
TOPYX,8.7264,5,610,4,SCOREProject,http://a0.twimg.com/profile_images/1766357109/Twitter-TOPYX_normal.png
davidgbenga,16.228,3,206,4,SCOREProject,http://a0.twimg.com/profile_images/1309492729/m_normal.jpg
wfvanvalkenburg,590.04,34,1053,4,SCOREProject,http://a0.twimg.com/profile_images/1879881610/Willem-OCW_normal.jpg
edmediashare,3695.8,42,230,3,"SCOREProject,ukoer",http://a0.twimg.com/profile_images/1633619166/EMS_TwitterLogo_normal.jpg
josswinn,371.53,35,442,1,ukoer,http://a0.twimg.com/profile_images/1491740894/Joss_Winn_-_Small_normal.jpg
MedEdLeeds,49.044,8,229,1,ukoer,http://a0.twimg.com/profile_images/1133628941/ME-logo-twitter-01_normal.jpg
jhsmith,42.882,7,309,0,ukoer,http://a0.twimg.com/profile_images/1411678615/Photo1_normal.jpg
pythy,28.918,4,346,4,ukoer,http://a0.twimg.com/profile_images/73387276/Almansi_normal.jpg
jvivancos,9.8976,2,1644,4,ukoer,http://a0.twimg.com/profile_images/1046963155/jordi_normal.jpg
la_eportfolio,215.15,15,281,0,ukoer,http://a0.twimg.com/profile_images/366439947/eportfolio_enabled_badge3_normal.gif
nylastetough,0,0,216,4,SCOREProject,http://a0.twimg.com/sticky/default_profile_images/default_profile_1_normal.png
TheAcademyZone,0,0,127,2,ukoer,http://a0.twimg.com/profile_images/1274254853/az_small_normal.png
CSM_Library,0,5,1007,1,SCOREProject,http://a0.twimg.com/profile_images/1191167883/photo_normal.jpg
kiyanwang,111.34,14,789,4,ukoer,http://a0.twimg.com/profile_images/20327832/nadeem_shabir_tile_normal.jpg
ghbrett,6.1793,8,1446,4,SCOREProject,http://a0.twimg.com/profile_images/289018929/aaa-ghb-duckie-160px_normal.jpg
WCIT2012mtl,0,0,309,4,SCOREProject,http://a0.twimg.com/profile_images/1693432016/logo_tagline_square_eng_normal.png
peterradzio,0,1,843,4,SCOREProject,http://a0.twimg.com/profile_images/1128000063/2-Yellowish_maple_leaf_normal.jpg
rschon,465.04,25,1017,4,ukoer,http://a0.twimg.com/profile_images/1716127607/0617_normal.JPG
slydell,0,0,274,3,SCOREProject,http://a0.twimg.com/profile_images/1792991008/IMG00928-20120130-1222_normal.jpg
e_languages,1344.2,30,797,3,SCOREProject,http://a0.twimg.com/profile_images/1750010795/e_large_normal.gif
dkernohan,29753,186,910,1,"SCOREProject,ukoer",http://a0.twimg.com/profile_images/1896194071/Snapshot_of_me_5_normal.png
angelicadrz,0,0,1209,4,SCOREProject,http://a0.twimg.com/profile_images/1689046175/9de7c043-c934-461f-abb6-eeee23aa3343_normal.png
adrianstevenson,305.52,31,1691,1,ukoer,http://a0.twimg.com/profile_images/283316943/AdeOzTwitter2_normal.jpg
pokethemunki,0,0,185,3,SCOREProject,http://a0.twimg.com/profile_images/1486788203/chimp_normal.jpg
jscarantino,113.4,12,1608,4,SCOREProject,http://a0.twimg.com/profile_images/1702417016/IMG_0988b_normal.jpg
bryanjack,20.81,4,1564,1,ukoer,http://a0.twimg.com/profile_images/1533959593/6098816515_aa00432f77_b_normal.jpg
saadat_m,563.86,21,461,4,SCOREProject,http://a0.twimg.com/profile_images/1533368708/meeee_normal.jpg
zakmensah,1334.1,68,794,0,ukoer,http://a0.twimg.com/profile_images/1541174616/twitter-sept-11_normal.jpg
t_hyves,0,0,147,2,ukoer,http://a0.twimg.com/sticky/default_profile_images/default_profile_5_normal.png
TLRPTEL,3302.8,44,364,0,ukoer,http://a0.twimg.com/profile_images/1780205445/telwordcloud_normal.jpg
PlymUni,423.69,41,7906,3,ukoer,http://a0.twimg.com/profile_images/1576808010/150-with_normal.gif
liz_jolly,993.36,17,585,2,ukoer,http://a0.twimg.com/profile_images/1485025967/c8049c0b-8840-45f9-a614-42d52056a88d_normal.png
MimasNews,3782.1,59,812,1,"SCOREProject,ukoer",http://a0.twimg.com/profile_images/470528606/_M-73x73_normal.png
helenwhd,1821.8,79,1471,0,"SCOREProject,ukoer",http://a0.twimg.com/profile_images/116136363/elfpic_normal.jpg
LinaMorgado,1249.4,21,619,4,SCOREProject,http://a0.twimg.com/profile_images/851589621/lmorgado_normal.jpg
ILTAtweets,444.55,24,835,0,ukoer,http://a0.twimg.com/profile_images/142609405/1092255_N22_normal.jpg
cristinacost,1874.5,81,3248,0,SCOREProject,http://a0.twimg.com/profile_images/1079179364/cristina1_normal.jpg
temperedradical,368.38,16,387,4,ukoer,http://a0.twimg.com/profile_images/1017852035/picture_of_jo_normal.jpg
Shanet1,1.3996,3,418,1,ukoer,http://a0.twimg.com/profile_images/1105613371/hollywood_normal.jpg
vinod110044,0,0,102,3,ukoer,http://a0.twimg.com/profile_images/2117278866/v9d_normal.jpg
arianna_sk6894,0,0,85,2,ukoer,http://a0.twimg.com/profile_images/285086085/17_normal.jpeg
ProcessArtsUAL,3220.8,53,438,1,"SCOREProject,ukoer",http://a0.twimg.com/profile_images/2150369220/pa_logo_normal.jpg
openstudy,2162.5,35,1931,4,SCOREProject,http://a0.twimg.com/profile_images/1042362333/avatar_big_normal.png
TeacherEducator,3.4103,2,242,4,SCOREProject,http://a0.twimg.com/profile_images/252088879/BigSunWatermark_normal.jpg
laurabradshaw8,0,0,186,2,ukoer,http://a0.twimg.com/sticky/default_profile_images/default_profile_4_normal.png
glamlaflib,173.3,15,694,2,ukoer,http://a0.twimg.com/profile_images/2045461446/image_normal.jpg
KathleenPorter,0,0,223,1,SCOREProject,http://a0.twimg.com/profile_images/1136548971/Kathleen_Porter_pic_normal.jpg
z_rose,537.45,52,1674,1,"SCOREProject,ukoer",http://a0.twimg.com/profile_images/1677478273/zoe_little_twitter_normal.png
iTunes_and_Apps,1.6667,2,2370,4,SCOREProject,http://a0.twimg.com/profile_images/1253454617/logo_Apple2_normal.jpg
brazen_guff,12.346,6,140,3,ukoer,http://a0.twimg.com/profile_images/1266594916/profile_normal.jpg
DLiakouras,0,0,458,4,SCOREProject,http://a0.twimg.com/profile_images/1590075012/biophoto_normal.jpg
S_J_Lancaster,367.36,20,868,0,ukoer,http://a0.twimg.com/profile_images/1578905934/profile_image_normal.png
petewoodbridge,1215.1,16,1519,1,ukoer,http://a0.twimg.com/profile_images/1452853716/pete-hdr_small_normal.jpg
kentwallen,81.287,6,482,4,SCOREProject,http://a0.twimg.com/profile_images/1472118968/tw_10086749_1312181079_normal.jpg
RosaSmith88,563,1,267,4,SCOREProject,http://a0.twimg.com/profile_images/1696258743/ladies_normal.jpg
HEA_NI,2337.9,44,517,3,"SCOREProject,ukoer",http://a0.twimg.com/profile_images/1743231802/New_Image_normal.JPG
plourdt,4.4511,1,149,2,ukoer,http://a0.twimg.com/profile_images/1908600482/482047_192320884214169_100003087754013_298418_295785244_n_normal.jpg
eLearningTalk,212.5,13,573,4,SCOREProject,http://a0.twimg.com/profile_images/1143364466/chrispatonphoto_normal.jpg
yaystudies,1.2285,1,236,3,ukoer,http://a0.twimg.com/profile_images/1880148362/Photo_16_normal.jpg
TUDelftOCW,959.85,26,475,4,ukoer,http://a0.twimg.com/profile_images/263576821/ocw_afbeelding_normal.jpg
suchprettyeyes,403.76,29,1341,1,ukoer,http://a0.twimg.com/profile_images/1180364905/132d3e4d-c0c6-464a-b0fe-3d1010efaedb_normal.png
loumcgill,5721.8,105,1048,1,"SCOREProject,ukoer",http://a0.twimg.com/profile_images/1782287043/IMG_70942_normal.jpg
VL_YMK,373.44,12,550,0,ukoer,http://a0.twimg.com/profile_images/1222265036/161665_100001495708942_6308649_q_normal.jpg
JamesFirth,56.456,12,2034,1,SCOREProject,http://a0.twimg.com/profile_images/1781578052/tw2_normal.JPG
pstann,283.02,8,810,4,ukoer,http://a0.twimg.com/profile_images/1774938955/cookiecutter_normal.jpg
marloft,979.43,39,1360,0,ukoer,http://a0.twimg.com/profile_images/2148322458/7istooyoung_normal.jpg
UCFopenSpace,2001.5,37,458,3,"SCOREProject,ukoer",http://a0.twimg.com/profile_images/713879296/openspace_twitter_normal.jpg
A_L_T,19887,221,2815,0,SCOREProject,http://a0.twimg.com/profile_images/224325314/ALT_small_logo_normal.JPG
UniAlliance,1125.7,53,2367,3,ukoer,http://a0.twimg.com/profile_images/1454987147/TwitterProfile_normal.jpg
Yuji_Konishi,7.7851,1,605,4,ukoer,http://a0.twimg.com/profile_images/1866230718/IMG_0081_normal.jpg
CoupoBox_Covent,2.8903,1,470,3,ukoer,http://a0.twimg.com/profile_images/1297371543/Big_icon_normal.jpg
gconole,17074,223,4261,4,SCOREProject,http://a0.twimg.com/profile_images/1365912237/sailong19_normal.jpg
ClassroomAidInc,561.62,15,695,4,"SCOREProject,ukoer",http://a0.twimg.com/profile_images/1206213048/ClassroomAid_LOGO_new_normal.png
educationarena,1159.7,34,1513,3,"SCOREProject,ukoer",http://a0.twimg.com/profile_images/1731565544/dictionaryImage_normal.jpg
marilyneb,172.48,8,1366,3,SCOREProject,http://a0.twimg.com/profile_images/1888531550/newavatar_normal.jpg
ianibbo,265.21,29,1204,1,ukoer,http://a0.twimg.com/profile_images/2150616904/work-avatar_normal.jpg
HerbertCork,0,0,288,3,SCOREProject,http://a0.twimg.com/profile_images/1362056103/lady1__3__normal.jpg
SSRN,1395.8,21,4551,2,ukoer,http://a0.twimg.com/profile_images/126797573/SSRNreflected_SMALL_normal.jpg
digitalfprint,1551,64,1642,0,"SCOREProject,ukoer",http://a0.twimg.com/profile_images/1120629645/digitalfprint_normal.jpg
CashbackBooks,52.225,1,201,3,SCOREProject,http://a0.twimg.com/profile_images/1403219210/Booksargh_normal.JPG
AdrianaLem45161,0,1,92,2,ukoer,http://a0.twimg.com/sticky/default_profile_images/default_profile_3_normal.png
WarwickLanguage,784.89,26,1173,3,ukoer,http://a0.twimg.com/profile_images/466387040/ammoniteLC_normal.GIF
tradingstocks33,0,1,482,4,SCOREProject,http://a0.twimg.com/profile_images/1233216506/eb4a4cc36b096894_normal.jpg
paulbrichardson,5278.5,83,1485,0,ukoer,http://a0.twimg.com/profile_images/1638304751/paul13_bigger_normal.jpg
jiscdigital,27679,225,3648,0,"SCOREProject,ukoer",http://a0.twimg.com/profile_images/107141119/square-327_normal.jpg
alcivio,0,0,337,3,SCOREProject,http://a0.twimg.com/profile_images/1730568895/foto1_normal.jpg
CosmoCat,2708.3,58,1638,4,"SCOREProject,ukoer",http://a0.twimg.com/profile_images/1675171683/chahira-avatar_normal.jpg
historyanddigi,17.758,3,663,3,"SCOREProject,ukoer",http://a0.twimg.com/profile_images/2150526122/font_normal.png
jmgoncalves,41.852,3,1077,4,SCOREProject,http://a0.twimg.com/profile_images/22790982/bunsen_avatar_normal.jpg
CaeMor,0,0,704,0,SCOREProject,http://a0.twimg.com/profile_images/1148897327/3_normal.jpg
susanneanette,256.29,7,1534,4,SCOREProject,http://a0.twimg.com/profile_images/1256583224/susi_normal.JPG
university_sdc,118.55,8,570,3,ukoer,http://a0.twimg.com/profile_images/1796537145/uni-twitter-logo_normal.jpg
stickybearware,2.8276,1,471,4,SCOREProject,http://a0.twimg.com/profile_images/1432734114/ORSBWEBlogo.f_normal.jpg
KatsVoice,5.4411,3,1634,4,SCOREProject,http://a0.twimg.com/profile_images/1667113953/sepkat_normal.jpg
SKILLscan,749.08,18,652,0,ukoer,http://a0.twimg.com/profile_images/1183806635/bob_04_normal.jpg
mikey112358,21.806,2,255,3,"SCOREProject,ukoer",http://a0.twimg.com/profile_images/1861295537/meic_normal.jpg
Ukhbuyers01,0,0,325,2,ukoer,http://a0.twimg.com/sticky/default_profile_images/default_profile_0_normal.png
mathplourde,794.55,19,1355,4,SCOREProject,http://a0.twimg.com/profile_images/981065708/MeSakaiger_normal.jpg
GausippCom,0,0,283,4,SCOREProject,http://a0.twimg.com/profile_images/1690352064/imgres_normal.jpeg
oerglue,9399.9,97,767,4,"SCOREProject,ukoer",http://a0.twimg.com/profile_images/1089413098/oer-glue-logo-flat_normal.jpg
EduSean,160.15,8,918,3,ukoer,http://a0.twimg.com/profile_images/2173952640/f15fc235-e8b1-44ed-b94f-40910d74016f_normal.png
theokk,1888.4,47,2265,0,ukoer,http://a0.twimg.com/profile_images/437016087/twitterProfilePhoto_normal.jpg
heikephilp,714.06,24,2437,4,SCOREProject,http://a0.twimg.com/profile_images/1901113888/GwenandHeikeorig_normal.png
FaceJackMe,0,0,488,4,SCOREProject,http://a0.twimg.com/profile_images/1662894646/fjm_icon_normal.jpg
WarwickLabour,8.6982,3,773,3,ukoer,http://a0.twimg.com/profile_images/1531221037/WarwickTwitter__1__normal.jpg
ParkLaneCourses,734.84,7,644,0,ukoer,http://a0.twimg.com/profile_images/1259833869/parklanehouseweb_normal.jpg
GDocsOpen,1.1137,1,198,4,SCOREProject,http://a0.twimg.com/profile_images/1580103523/box_normal.png
OpenEdSolutions,893.65,28,1136,4,"SCOREProject,ukoer",http://a0.twimg.com/profile_images/1271189916/130380_VanderArk_OpenEd_Logo-1_normal.jpg
The_Primate,46.199,5,585,3,"SCOREProject,ukoer",http://a0.twimg.com/profile_images/1547361562/BOOTLEG_normal.png
legalizeweednow,0,0,375,3,ukoer,http://a0.twimg.com/profile_images/435127926/MARIJUANA_normal.JPG
COFA_Online,1865.9,19,1708,4,ukoer,http://a0.twimg.com/profile_images/1618422782/LOGO-BADGE-blueLarge_reasonably_small_normal.jpg
tbirdcymru,2881.7,78,1756,4,"SCOREProject,ukoer",http://a0.twimg.com/profile_images/59858400/CNV00013_normal.JPG
jeanbiz09,0,0,163,1,SCOREProject,http://a0.twimg.com/profile_images/1751043692/Norma_normal.jpg
Seda_UK_,10553,108,1132,0,"SCOREProject,ukoer",http://a0.twimg.com/profile_images/1442794707/Seda_logo_normal.jpg
uuthmann,0,0,336,2,ukoer,http://a0.twimg.com/profile_images/1764943657/WindTurbines_280px_3_normal.jpg
tweelearning,4552,66,1483,1,"SCOREProject,ukoer",http://a0.twimg.com/profile_images/97688622/LTS_twitter_normal.jpg
Jspsciences,850.81,9,534,3,"SCOREProject,ukoer",http://a0.twimg.com/profile_images/1809511041/Dislplay_Cover_JSPS_normal.jpg
nikkypriotakis,80.146,4,518,4,ukoer,http://a0.twimg.com/profile_images/1124401884/avatar_normal.jpg
CopyrightYourIP,10.593,1,444,4,SCOREProject,http://a0.twimg.com/profile_images/1595275302/my_me_square_normal.jpg
MyOpenArchive,3155.8,45,1632,4,ukoer,http://a0.twimg.com/profile_images/1173735440/logo2_normal.png
NewFuturesRec,1118,15,833,3,ukoer,http://a0.twimg.com/profile_images/1896548759/new-futures-twitter-logo-v3_normal.gif
bleuguy,211.35,13,687,4,ukoer,http://a0.twimg.com/profile_images/1848696727/WP_000075_normal.jpg
fredgarnett,5139.3,75,1522,0,ukoer,http://a0.twimg.com/profile_images/2052651891/fredroprofile_normal.jpg
FreshUni,0,0,469,3,SCOREProject,http://a0.twimg.com/profile_images/1642088836/FreshUni_logo_400x400_normal.jpg
collaboratewiki,2.6151,1,402,4,SCOREProject,http://a0.twimg.com/profile_images/1675984827/JanCoo2007_normal.jpg
FluffTheBunny,8.7138,2,1143,4,SCOREProject,http://a0.twimg.com/profile_images/1281560239/twitterpic_normal.jpg
thefaculties,748.17,6,580,3,ukoer,http://a0.twimg.com/profile_images/1577466497/facultieslogofinalfinal_normal.png
LSEImpactBlog,1813.4,57,4582,3,ukoer,http://a0.twimg.com/profile_images/1291374024/impact_of_social_science-150x150_normal.png
HEA_Wales,11107,112,1900,3,"SCOREProject,ukoer",http://a0.twimg.com/profile_images/1743230605/New_Image_normal.JPG
arfulmer,0,1,7074,4,SCOREProject,http://a0.twimg.com/profile_images/1365815513/Karen___Arnie_normal.png
Curate_Content,1298.8,5,1990,4,SCOREProject,http://a0.twimg.com/profile_images/1682047211/aaaa_normal.jpeg
marksmithers,2551,55,3350,4,ukoer,http://a0.twimg.com/profile_images/1299462088/181774_10150140580131660_608681659_8029629_4135031_n_normal.jpg
Curriki,1072,53,4681,4,"SCOREProject,ukoer",http://a0.twimg.com/profile_images/1760358296/KimJonesimage_normal.jpg
ClareWhite,44.745,4,2514,0,ukoer,http://a0.twimg.com/profile_images/770446250/friendlyswan_normal.jpg
CILIPinfo,3363.2,77,5242,2,SCOREProject,http://a0.twimg.com/profile_images/1908554612/New_CILIP_Twitter_Avatar_normal.jpg
GdnHigherEd,12226,197,13194,3,SCOREProject,http://a0.twimg.com/profile_images/1489689761/G_twitter_gdnhighered_normal.jpg
REALTOR_Vickie,0,0,4207,4,SCOREProject,http://a0.twimg.com/profile_images/1634434838/Web_size_normal.jpg
jennifermjones,1108.8,34,3038,0,ukoer,http://a0.twimg.com/profile_images/1822428341/profilefeb2012_normal.jpg
PodcastingTools,72.105,7,2691,0,SCOREProject,http://a0.twimg.com/profile_images/1348730749/podcast-logo_normal.png
Jonathan_Worth,1569,18,3756,1,ukoer,http://a0.twimg.com/profile_images/1535866288/jw_normal.jpg
CathyLAnderson,1196.6,24,3139,4,SCOREProject,http://a0.twimg.com/profile_images/750522831/CAthyandersontwitter_normal.jpg
filmstudiesff,533.06,11,6234,1,"SCOREProject,ukoer",http://a0.twimg.com/profile_images/1808625037/Film_Studies_For_Free_Twitter_avatar_normal.jpg
CPNAS,0,2,4347,4,SCOREProject,http://a0.twimg.com/profile_images/535967665/LogoCPNAS_normal.jpg
NASciences,867.42,10,6635,4,SCOREProject,http://a0.twimg.com/profile_images/1406777856/nap_twitter_icon_normal.png
eol,114.01,12,7751,4,SCOREProject,http://a0.twimg.com/profile_images/1697067756/follow_eol_on_twitter_normal.png
opensourceway,1753.4,32,6641,4,SCOREProject,http://a0.twimg.com/profile_images/628766208/osdc_twitter_avatar_normal.jpg
K12Learn,1561.2,12,7524,4,SCOREProject,http://a0.twimg.com/profile_images/1811220926/K12-Twitter_normal.jpg
jackie_chan999,0,0,6360,4,SCOREProject,http://a0.twimg.com/profile_images/1128056047/images_normal.jpg
cpappas,6173.7,47,10108,4,SCOREProject,http://a0.twimg.com/profile_images/1413966451/_cpappas_normal.png
douglasi,25.49,8,336843,4,SCOREProject,http://a0.twimg.com/profile_images/935889248/157-idugboe_normal.jpg
